{
  "best_model": "random_forest",
  "best_accuracy": 0.1027,
  "results": {
    "logistic_regression": {
      "accuracy": 0.0983,
      "classification_report": {
        "0": {
          "precision": 0.09406952965235174,
          "recall": 0.0465587044534413,
          "f1-score": 0.06228842247799594,
          "support": 988.0
        },
        "1": {
          "precision": 0.10475161987041037,
          "recall": 0.191699604743083,
          "f1-score": 0.13547486033519554,
          "support": 1012.0
        },
        "2": {
          "precision": 0.08996539792387544,
          "recall": 0.05189620758483034,
          "f1-score": 0.06582278481012659,
          "support": 1002.0
        },
        "3": {
          "precision": 0.12790697674418605,
          "recall": 0.011293634496919919,
          "f1-score": 0.020754716981132074,
          "support": 974.0
        },
        "4": {
          "precision": 0.10038986354775828,
          "recall": 0.10107948969578018,
          "f1-score": 0.10073349633251834,
          "support": 1019.0
        },
        "5": {
          "precision": 0.09407665505226481,
          "recall": 0.18620689655172415,
          "f1-score": 0.125,
          "support": 1015.0
        },
        "6": {
          "precision": 0.09536082474226804,
          "recall": 0.037525354969574036,
          "f1-score": 0.053857350800582245,
          "support": 986.0
        },
        "7": {
          "precision": 0.08834729626808835,
          "recall": 0.11611611611611612,
          "f1-score": 0.10034602076124567,
          "support": 999.0
        },
        "8": {
          "precision": 0.11369509043927649,
          "recall": 0.044044044044044044,
          "f1-score": 0.06349206349206349,
          "support": 999.0
        },
        "9": {
          "precision": 0.10202991452991453,
          "recall": 0.18986083499005965,
          "f1-score": 0.13273106323835998,
          "support": 1006.0
        },
        "accuracy": 0.0983,
        "macro avg": {
          "precision": 0.10105931687703942,
          "recall": 0.09762808876455728,
          "f1-score": 0.08605007792292199,
          "support": 10000.0
        },
        "weighted avg": {
          "precision": 0.10099693460407815,
          "recall": 0.0983,
          "f1-score": 0.08646385212259036,
          "support": 10000.0
        }
      },
      "confusion_matrix": [
        [
          46,
          191,
          56,
          11,
          99,
          200,
          41,
          109,
          47,
          188
        ],
        [
          51,
          194,
          63,
          6,
          96,
          211,
          51,
          130,
          37,
          173
        ],
        [
          55,
          198,
          52,
          4,
          90,
          233,
          25,
          136,
          42,
          167
        ],
        [
          41,
          176,
          51,
          11,
          95,
          197,
          37,
          135,
          30,
          201
        ],
        [
          47,
          160,
          65,
          11,
          103,
          187,
          47,
          153,
          38,
          208
        ],
        [
          52,
          192,
          60,
          9,
          104,
          189,
          36,
          140,
          36,
          197
        ],
        [
          46,
          177,
          59,
          10,
          115,
          189,
          37,
          138,
          34,
          181
        ],
        [
          63,
          196,
          63,
          9,
          111,
          200,
          33,
          116,
          34,
          174
        ],
        [
          39,
          181,
          60,
          5,
          95,
          206,
          46,
          131,
          44,
          192
        ],
        [
          49,
          187,
          49,
          10,
          118,
          197,
          35,
          125,
          45,
          191
        ]
      ]
    },
    "random_forest": {
      "accuracy": 0.1027,
      "classification_report": {
        "0": {
          "precision": 0.10567514677103718,
          "recall": 0.10931174089068826,
          "f1-score": 0.10746268656716418,
          "support": 988.0
        },
        "1": {
          "precision": 0.09935004642525534,
          "recall": 0.10573122529644269,
          "f1-score": 0.10244135950215415,
          "support": 1012.0
        },
        "2": {
          "precision": 0.10258964143426295,
          "recall": 0.1027944111776447,
          "f1-score": 0.10269192422731804,
          "support": 1002.0
        },
        "3": {
          "precision": 0.09812108559498957,
          "recall": 0.09650924024640657,
          "f1-score": 0.09730848861283643,
          "support": 974.0
        },
        "4": {
          "precision": 0.10453283996299723,
          "recall": 0.11089303238469088,
          "f1-score": 0.10761904761904761,
          "support": 1019.0
        },
        "5": {
          "precision": 0.09930486593843098,
          "recall": 0.09852216748768473,
          "f1-score": 0.09891196834817013,
          "support": 1015.0
        },
        "6": {
          "precision": 0.10510510510510511,
          "recall": 0.10649087221095335,
          "f1-score": 0.10579345088161209,
          "support": 986.0
        },
        "7": {
          "precision": 0.10333692142088267,
          "recall": 0.0960960960960961,
          "f1-score": 0.0995850622406639,
          "support": 999.0
        },
        "8": {
          "precision": 0.11400651465798045,
          "recall": 0.10510510510510511,
          "f1-score": 0.109375,
          "support": 999.0
        },
        "9": {
          "precision": 0.09580838323353294,
          "recall": 0.09542743538767395,
          "f1-score": 0.09561752988047809,
          "support": 1006.0
        },
        "accuracy": 0.1027,
        "macro avg": {
          "precision": 0.10278305505444744,
          "recall": 0.10268813262833862,
          "f1-score": 0.10268065178794446,
          "support": 10000.0
        },
        "weighted avg": {
          "precision": 0.10277704127379482,
          "recall": 0.1027,
          "f1-score": 0.10268337033338694,
          "support": 10000.0
        }
      },